{"mic_level": 0.0034850267693400383, "mic_history": [0.0034926508087664843, 0.0031950518023222685, 0.0034181803930550814, 0.0034359137061983347, 0.00320246210321784, 0.00337954331189394, 0.003176434664055705, 0.003351384773850441, 0.003410057630389929, 0.003408550750464201, 0.0035060171503573656, 0.0034289469476789236, 0.003491278737783432, 0.0031746088061481714, 0.003247948130592704, 0.003426522249355912, 0.0032133269123733044, 0.0033793896436691284, 0.0032793472055345774, 0.0032346337102353573, 0.003465385641902685, 0.0036431248299777508, 0.003405453870072961, 0.003271126886829734, 0.003491259180009365, 0.0032304006163030863, 0.0033500418066978455, 0.003191871801391244, 0.003403166076168418, 0.0034682112745940685, 0.003281519515439868, 0.0037328528705984354, 0.003259936347603798, 0.003392142942175269, 0.0032133045606315136, 0.0029380156192928553, 0.0035093820188194513, 0.003218685742467642, 0.0035447776317596436, 0.0032975985668599606, 0.0033190541435033083, 0.0035885111428797245, 0.0032702432945370674, 0.0034240074455738068, 0.0032083471305668354, 0.003170469542965293, 0.0032348979730159044, 0.0035441038198769093, 0.0033728722482919693, 0.0034850267693400383], "mic_spectrum": [1.0385970093251375, 0.7493934820620135, 0.5711213876199915, 0.16392762297684638, 0.15263143093806342, 0.0, 0.0, 0.0, 0.0, 0.0, 0.0, 0.0, 0.0, 0.0, 0.0, 0.0], "vad_speaking": true, "vad_mode": "server", "start_gate": 0.01, "stop_gate": 0.012, "sample_rate": 48000, "timestamp": 1757610368.5675142}