{"mic_level": 0.004043241497129202, "mic_history": [0.0034631595481187105, 0.00362445623613894, 0.003422256326302886, 0.0032763853669166565, 0.003665643511340022, 0.003356574336066842, 0.0034644128754734993, 0.0035994183272123337, 0.0036393976770341396, 0.0033799484372138977, 0.003347011748701334, 0.003519228892400861, 0.0035586212761700153, 0.0035012715961784124, 0.003591194050386548, 0.0033965916372835636, 0.0033210045658051968, 0.003433070844039321, 0.0036410323809832335, 0.0035072281025350094, 0.0035047128330916166, 0.0033311587758362293, 0.0034012452233582735, 0.0035628487821668386, 0.003471806412562728, 0.0040080309845507145, 0.003428503405302763, 0.0035604028962552547, 0.0031067277304828167, 0.0033615771681070328, 0.0038187375757843256, 0.0034456143621355295, 0.0035980280954390764, 0.003386841854080558, 0.0034560838248580694, 0.003399217501282692, 0.0034340687561780214, 0.003952316008508205, 0.003353352192789316, 0.0032580934930592775, 0.0032545276917517185, 0.003308940911665559, 0.0038867027033120394, 0.0032413641456514597, 0.003900424810126424, 0.0033842783886939287, 0.003374572144821286, 0.003349416656419635, 0.0033932612277567387, 0.004043241497129202], "mic_spectrum": [1.0571655007999003, 0.6866643572205164, 0.5341742792631502, 0.16473180644600494, 0.15293143922565033, 0.0, 0.0, 0.0, 0.0, 0.0, 0.0, 0.0, 0.0, 0.0, 0.0, 0.0], "vad_speaking": false, "vad_mode": "server", "start_gate": 0.01, "stop_gate": 0.012, "sample_rate": 48000, "timestamp": 1757614298.0829656}